BNP FP Equity,PX_LAST,6MO_PUT_IMP_VOL
202023,48.34,20.311
202024,49.29,20.193
202025,49.61,19.438
202026,50.41,19.905
202027,51.83,19.684
2020210,51.64,19.81
2020211,52.73,19.51
2020212,53.58,19.58
2020213,53.57,19.811
2020214,53.68,19.889
2020217,54.18,19.24
2020218,53.67,20.031
2020219,53.75,20.05
2020220,53.26,20.033
2020221,53.22,20.246
2020224,51.2,22.091
2020225,48.7,24.649
2020226,48.22,24.166
2020227,45.39,27.251
2020228,43.79,30.242
202032,43.46,30.276
202033,42.81,30.141
202034,42.25,29.124
202035,40.52,31.039
202036,38.52,38.144
202039,33.79,42.828
2020310,34.63,45.283
2020311,35.66,45.752
2020312,31,50.157
2020313,31.73,59.164
2020316,27.44,68.594
2020317,29.2,66.704
2020318,26.4,66.976
2020319,27.19,68.934
2020320,27.44,63.529
2020323,25.43,63.35
2020324,27.78,54.029
2020325,30,47.71
2020326,30.98,46.63
2020327,29.88,49.282
2020330,28.25,48.397
2020331,27.51,46.089
202041,25.87,49.499
202042,26.05,47.278
202043,24.74,48.908
202046,25.65,46.307
202047,26.75,45.078
202048,26.96,45.385
202049,28.41,43.358
2020414,27.81,44.167
2020415,25.82,49.282
2020416,24.9,51.947
2020417,25.47,51.915
2020420,25.7,51.494
2020421,24.67,51.991
2020422,25.54,50.03
2020423,27.13,48.173
2020424,26.3,49.34
2020427,27.79,45.905
2020428,29.6,43.799
2020429,30.7,42.842
2020430,28.68,44.792
202054,27.11,47.312
202055,28.21,47.217
202056,28,44.697
202057,28.5,44.218
202058,28.82,42.599
2020511,28.1,45.137
2020512,27.82,41.041
2020513,26.5,43.969
2020514,26.23,48.018
2020515,26.54,46.157
2020518,28.62,41.12
2020519,28.35,43.006
2020520,28.82,41.153
2020521,28.29,44.859
2020522,28.38,45.186
2020525,28.91,42.624
2020526,31,41.974
2020527,33.74,40.029
2020528,33.7,39.513
2020529,32.26,44.725
202061,33.49,41.885
202062,34.48,41.536
202063,36.15,42.354
202064,36.02,40.122
202065,39.12,37.706
202068,39.45,35.798
202069,38.16,38.95
2020610,37.35,38.735
2020611,34.75,42.962
2020612,34.97,45.272
2020615,34.3,46.363
2020616,36.01,45.825
2020617,35.96,43.737
2020618,35.82,43.546
2020619,35.3,44.295
2020620,34.34,44.295
2020621,35.11,44.295
2020622,34.57,44.295
2020623,34.15,44.295
2020624,34.67,44.295
2020625,34.19,44.295
2020626,35.34,44.295
2020627,35.09,44.295
2020628,34.98,44.295
2020629,34.49,44.295
2020630,34.61,44.295
2020631,34.74,44.295
2020632,34.41,44.295
2020633,34.7,44.295
2020634,34.52,44.295
2020635,34.28,44.295
2020636,35.27,44.295
2020637,35.3,44.295
2020638,35.48,44.295
2020639,34.85,44.295
2020640,34.93,44.295
2020641,35.06,44.295
2020642,35.42,44.295
2020643,35.59,44.295
2020644,35.53,44.295
2020645,35.61,44.295
2020646,35.77,44.295
2020647,35.8,44.295
2020648,35.7,44.295
2020649,34.56,44.295
2020650,34.17,44.295
2020651,33.6,44.295
2020652,34.34,44.295
2020653,34.59,44.295
2020654,34.51,44.295
2020655,34.36,44.295
2020656,34.25,44.295
2020657,34.4,44.295
2020658,34.94,44.295
2020659,34.17,44.295
2020660,34.86,44.295
2020661,35.21,44.295
2020662,35.54,44.295
2020663,36.12,44.295
2020664,36.07,44.295
2020665,36.56,44.295
2020666,36.6,44.295
2020667,36.71,44.295
2020668,35.99,44.295
2020669,36.08,44.295
2020670,36.14,44.295
2020671,37.17,44.295
2020672,37.71,44.295
2020673,37.08,44.295
2020674,37.17,44.295
2020675,37.55,44.295
2020676,37.41,44.295
2020677,38.59,44.295
2020678,37.91,44.295
2020679,37.4,44.295
2020680,37.33,44.295
2020681,38.04,44.295
2020682,38.09,44.295
2020683,37.89,44.295
2020684,36.72,44.295
2020685,36.93,44.295
2020686,37.72,44.295
2020687,37.58,44.295
2020688,37.76,44.295
2020689,37.23,44.295
2020690,36.12,44.295
2020691,36.81,44.295
2020692,37.19,44.295
2020693,38.06,44.295
2020694,38.56,44.295
2020695,38.24,44.295
2020696,39.1,44.295
2020697,39.43,44.295
2020698,38.42,44.295
2020699,38.07,44.295
2020700,37.87,44.295
2020701,37.83,44.295
2020702,37.83,44.295
2020703,37.92,44.295
2020704,37.99,44.295
2020705,38.45,44.295
2020706,38.55,44.295
2020707,38.26,44.295
2020708,38.33,44.295
2020709,38.53,44.295
2020710,37.11,44.295
2020711,38.29,44.295
2020712,38.46,44.295
2020713,38.55,44.295
2020714,37.89,44.295
2020715,38.04,44.295
2020716,37.61,44.295
2020717,37.23,44.295
2020718,36.57,44.295
2020719,35.81,44.295
2020720,36.69,44.295
2020721,37.36,44.295
2020722,36.71,44.295
2020723,36.86,44.295
2020724,36.92,44.295
2020725,36.25,44.295
2020726,36.85,44.295
2020727,36.6,44.295
2020728,36.08,44.295
2020729,36.35,44.295
2020730,36.28,44.295
2020731,37.26,44.295
2020732,37.56,44.295
2020733,37.98,44.295
2020734,38.48,44.295
2020735,37.74,44.295
2020736,37.34,44.295
2020737,36.87,44.295
2020738,36.37,44.295
2020739,35.65,44.295
2020740,35.44,44.295
2020741,34.7,44.295
2020742,35.17,44.295
2020743,35.31,44.295
2020744,36.07,44.295
2020745,35.61,44.295
2020746,36.14,44.295
2020747,35.69,44.295
2020748,35.68,44.295
2020749,36.22,44.295
2020750,35.06,44.295
2020751,35.06,44.295
2020752,34.01,44.295
2020753,33.99,44.295
2020754,33.57,44.295
2020755,34.03,44.295
2020756,34.69,44.295
2020757,34.33,44.295
2020758,34.53,44.295
2020759,34.38,44.295
2020760,34.26,44.295
2020761,33.8,44.295
2020762,34.01,44.295
2020763,33.82,44.295
2020764,34.48,44.295
2020765,34.02,44.295
2020766,34.46,44.295
2020767,34.84,44.295
2020768,35.02,44.295
2020769,35.09,44.295
2020770,35.4,44.295
2020771,35.13,44.295
2020772,34.27,44.295
2020773,34.08,44.295
2020774,33.96,44.295
2020775,34.36,44.295
2020776,34.34,44.295
2020777,34.63,44.295
2020778,34.9,44.295
2020779,34.79,44.295
2020780,34.25,44.295
2020781,34.33,44.295
2020782,34.36,44.295
2020783,34.41,44.295
2020784,34.83,44.295
2020785,34.68,44.295
2020786,34.82,44.295
2020787,34.15,44.295
2020788,34,44.295
2020789,33.76,44.295
2020790,33.18,44.295
2020791,32.78,44.295
2020792,32.96,44.295
2020793,33.05,44.295
2020794,34.24,44.295
2020795,34.03,44.295
2020796,34.19,44.295
2020797,33.49,44.295
2020798,33.1,44.295
2020799,32.4,44.295
2020800,32.27,44.295
2020801,31.82,44.295
2020802,32.26,44.295
2020803,32.54,44.295
2020804,32.17,44.295
2020805,32.81,44.295
2020806,32.43,44.295
2020807,32.64,44.295
2020808,32.46,44.295
2020809,32.53,44.295
2020810,32.69,44.295
2020811,33.22,44.295
2020812,33.08,44.295
2020813,33.12,44.295
2020814,33.38,44.295
2020815,33.28,44.295
2020816,33.02,44.295
2020817,33.2,44.295
2020818,33.48,44.295
2020819,33,44.295
2020820,32.64,44.295
2020821,32.14,44.295
2020822,32,44.295
2020823,32.04,44.295
2020824,31.96,44.295
2020825,32.51,44.295
2020826,32.4,44.295
2020827,32.24,44.295
2020828,32.47,44.295
2020829,32.56,44.295
2020830,32.4,44.295
2020831,32.95,44.295
2020832,32.74,44.295
2020833,33.51,44.295
2020834,34.22,44.295
2020835,34.53,44.295
2020836,34.34,44.295
2020837,34.28,44.295
2020838,34.28,44.295
2020839,34.47,44.295
2020840,35.21,44.295
2020841,36.23,44.295
2020842,36.07,44.295
2020843,36.03,44.295
2020844,35.58,44.295
2020845,35.93,44.295
2020846,35.83,44.295
2020847,36.01,44.295
2020848,35.72,44.295
2020849,35.61,44.295
2020850,35.91,44.295
2020851,36.23,44.295
2020852,36.03,44.295
2020853,35.79,44.295
2020854,35.17,44.295
2020855,35.53,44.295
2020856,35.13,44.295
2020857,35.25,44.295
2020858,34.74,44.295
2020859,35.04,44.295
2020860,34.92,44.295
2020861,33.71,44.295
2020862,33.98,44.295
2020863,34.13,44.295
2020864,33.42,44.295
2020865,32.96,44.295
2020866,32.59,44.295
2020867,32.37,44.295
2020868,32.37,44.295
2020869,32.49,44.295
2020870,30.99,44.295
2020871,30.32,44.295
2020872,31.36,44.295
2020873,31.4,44.295
2020874,32.22,44.295
2020875,32.34,44.295
2020876,32.83,44.295
2020877,33.03,44.295
2020878,32.61,44.295
2020879,33.04,44.295
2020880,32.34,44.295
2020881,32.33,44.295
2020882,33.45,44.295
2020883,32.93,44.295
2020884,32.51,44.295
2020885,33.13,44.295
2020886,33.1,44.295
2020887,32.47,44.295
2020888,32.13,44.295
2020889,32.07,44.295
2020890,31.29,44.295
2020891,31.39,44.295
2020892,31.72,44.295
2020893,31.92,44.295
2020894,32.27,44.295
2020895,32.45,44.295
2020896,31.9,44.295
2020897,33.14,44.295
2020898,33.49,44.295
2020899,34.1,44.295
2020900,33.81,44.295
2020901,34.21,44.295
2020902,34.4,44.295
2020903,33.82,44.295
2020904,34.04,44.295
2020905,34.06,44.295
2020906,33.27,44.295
2020907,34.64,44.295
2020908,34.52,44.295
2020909,33.34,44.295
2020910,32.99,44.295
2020911,32.99,44.295
2020912,32.15,44.295
2020913,30.99,44.295
2020914,31.85,44.295
2020915,31.68,44.295
2020916,32.85,44.295
2020917,32.32,44.295
2020918,32.49,44.295
2020919,33.09,44.295
2020920,33.08,44.295
2020921,33.42,44.295
2020922,32.58,44.295
2020923,32.86,44.295
2020924,32.98,44.295
2020925,31.38,44.295
2020926,30.56,44.295
2020927,30.04,44.295
2020928,31.02,44.295
2020929,29.98,44.295
2020930,30.22,44.295
2020931,30.92,44.295
2020932,29.98,44.295
2020933,30.75,44.295
2020934,30.68,44.295
2020935,31.1,44.295
2020936,31.85,44.295
2020937,32.2,44.295
2020938,32.96,44.295
2020939,32.69,44.295
2020940,32.91,44.295
2020941,32.59,44.295
2020942,31.69,44.295
2020943,31.79,44.295
2020944,31.21,44.295
2020945,31.49,44.295
2020946,32.29,44.295
2020947,32.56,44.295
2020948,31.36,44.295
2020949,31.47,44.295
2020950,30.49,44.295
2020951,30.8,44.295
2020952,30.73,44.295
2020953,31.52,44.295
2020954,32.3,44.295
2020955,32.81,44.295
2020956,33.04,44.295
2020957,33.96,44.295
2020958,34.31,44.295
2020959,34.22,44.295
2020960,34.53,44.295
2020961,34.68,44.295
2020962,34.02,44.295
2020963,34.43,44.295
2020964,34.75,44.295
2020965,35.05,44.295
2020966,33.96,44.295
2020967,34.64,44.295
2020968,34.78,44.295
2020969,34.74,44.295
2020970,34.66,44.295
2020971,34.05,44.295
2020972,34.7,44.295
2020973,34.42,44.295
2020974,34.48,44.295
2020975,34.99,44.295
2020976,34.88,44.295
2020977,34.86,44.295
2020978,35.33,44.295
2020979,36.01,44.295
2020980,36.39,44.295
2020981,37.23,44.295
2020982,36.59,44.295
2020983,36.77,44.295
2020984,37.49,44.295
2020985,38.2,44.295
2020986,37.74,44.295
2020987,38.05,44.295
2020988,38.19,44.295
2020989,38.15,44.295
2020990,38.47,44.295
2020991,38.65,44.295
2020992,38.19,44.295
2020993,38.44,44.295
2020994,37.89,44.295
2020995,38.12,44.295
2020996,37.58,44.295
2020997,36.77,44.295
2020998,37.41,44.295
2020999,37.09,44.295
2021000,38.7,44.295
2021001,38.7,44.295
2021002,39.35,44.295
2021003,39.47,44.295
2021004,39.1,44.295
2021005,38.26,44.295
2021006,37.65,44.295
2021007,37.86,44.295
2021008,36.72,44.295
2021009,37.38,44.295
2021010,37.59,44.295
2021011,38.3,44.295
2021012,37.93,44.295
2021013,37.43,44.295
2021014,37.35,44.295
2021015,37.96,44.295
2021016,37.85,44.295
2021017,37.79,44.295
2021018,38.3,44.295
2021019,38.94,44.295
2021020,38.68,44.295
2021021,39.05,44.295
2021022,38.52,44.295
2021023,38.07,44.295
2021024,38.68,44.295
2021025,38.47,44.295
2021026,37.63,44.295
2021027,37.57,44.295
2021028,38.04,44.295
2021029,38.89,44.295
2021030,38.6,44.295
2021031,37.88,44.295
2021032,37.42,44.295
2021033,37.26,44.295
2021034,38.06,44.295
2021035,38.38,44.295
2021036,37.88,44.295
2021037,36.96,44.295
2021038,36.77,44.295
2021039,36.4,44.295
2021040,36.36,44.295
2021041,36.73,44.295
2021042,38.58,44.295
2021043,39.29,44.295
2021044,38.95,44.295
2021045,39.07,44.295
2021046,39.48,44.295
2021047,37.55,44.295
2021048,37.1,44.295
2021049,37.93,44.295
2021050,37.48,44.295
2021051,37.18,44.295
2021052,35.6,44.295
2021053,34.59,44.295
2021054,34.89,44.295
2021055,35.88,44.295
2021056,37.33,44.295
2021057,38.2,44.295
2021058,38.61,44.295
2021059,38.56,44.295
2021060,39.42,44.295
2021061,39.26,44.295
2021062,39.36,44.295
2021063,39.08,44.295
2021064,38.94,44.295
2021065,39.11,44.295
2021066,39.19,44.295
2021067,38.16,44.295
2021068,38.88,44.295
2021069,38.52,44.295
2021070,39.5,44.295
2021071,40.63,44.295
2021072,40.79,44.295
2021073,40.94,44.295
2021074,41.41,44.295
2021075,41.57,44.295
2021076,41.27,44.295
2021077,41.41,44.295
2021078,40.86,44.295
2021079,39.68,44.295
2021080,40.21,44.295
2021081,39.84,44.295
2021082,40.5,44.295
2021083,40.65,44.295
2021084,40.38,44.295
2021085,39.61,44.295
2021086,38.07,44.295
2021087,36.2,44.295
2021088,38.01,44.295
2021089,37.73,44.295
2021090,38.74,44.295
2021091,38.81,44.295
2021092,38.55,44.295
2021093,37.41,44.295
2021094,37.6,44.295
2021095,38.44,44.295
2021096,37.33,44.295
2021097,37.33,44.295
2021098,38.05,44.295
2021099,38.67,44.295
2021100,38.08,44.295
2021101,37.84,44.295
2021102,37.38,44.295
2021103,37.73,44.295
2021104,37.85,44.295
2021105,38.12,44.295
2021106,36.29,44.295
2021107,36.78,44.295
2021108,35.53,44.295
2021109,35.04,44.295
2021110,34.88,44.295
2021111,36,44.295
2021112,34.61,44.295
2021113,34.87,44.295
2021114,35.94,44.295
2021115,35.43,44.295
2021116,35.57,44.295
2021117,37,44.295
2021118,37.05,44.295
2021119,37.03,44.295
2021120,36.62,44.295
2021121,36.86,44.295
2021122,36.97,44.295
2021123,36.57,44.295
2021124,36.39,44.295
2021125,36.97,44.295
2021126,37.67,44.295
2021127,37.74,44.295
2021128,37.2,44.295
2021129,37.27,44.295
2021130,37.68,44.295
2021131,38.3,44.295
2021132,38.26,44.295
2021133,38,44.295
2021134,38.23,44.295
2021135,37.2,44.295
2021136,37.86,44.295
2021137,37.92,44.295
2021138,37.89,44.295
2021139,38.12,44.295
2021140,38.27,44.295
2021141,39.47,44.295
2021142,39.08,44.295
2021143,38.94,44.295
2021144,39.23,44.295
2021145,38.7,44.295
2021146,38.46,44.295
2021147,38.02,44.295
2021148,38.71,44.295
2021149,38.49,44.295
2021150,38.68,44.295
2021151,37.98,44.295
2021152,37.92,44.295
2021153,37.65,44.295
2021154,37.73,44.295
2021155,38.29,44.295
2021156,38.38,44.295
2021157,38.44,44.295
2021158,38.55,44.295
2021159,38.32,44.295
2021160,37.22,44.295
2021161,36.9,44.295
2021162,37.01,44.295
2021163,36.29,44.295
2021164,35.75,44.295
2021165,35.81,44.295
2021166,35.14,44.295
2021167,34.44,44.295
2021168,35.93,44.295
2021169,35.95,44.295
2021170,36.5,44.295
2021171,36.44,44.295
2021172,36.03,44.295
2021173,36.1,44.295
2021174,36.79,44.295
2021175,36.51,44.295
2021176,35.87,44.295
2021177,36.38,44.295
2021178,36.03,44.295
2021179,35.09,44.295
2021180,35.27,44.295
2021181,34.59,44.295
2021182,33.83,44.295
2021183,32.88,44.295
2021184,32.81,44.295
2021185,33.53,44.295
2021186,33.47,44.295
2021187,32.26,44.295
2021188,31.09,44.295
2021189,30.37,44.295
2021190,30.27,44.295
2021191,29.35,44.295
2021192,29.72,44.295
2021193,30.45,44.295
2021194,29.58,44.295
2021195,30.17,44.295
2021196,30.25,44.295
2021197,29.4,44.295
2021198,29.95,44.295
2021199,29.68,44.295
2021200,28,44.295
2021201,27.09,44.295
2021202,28.06,44.295
2021203,28.48,44.295
2021204,26.92,44.295
2021205,25.96,44.295
2021206,27.23,44.295
2021207,25.59,44.295
2021208,27.11,44.295
2021209,27.82,44.295
2021210,27.61,44.295
2021211,28.61,44.295
2021212,28.06,44.295
2021213,27.75,44.295
2021214,28.61,44.295
2021215,27.87,44.295
2021216,27.35,44.295
2021217,28.43,44.295
2021218,29.08,44.295
2021219,29.46,44.295
2021220,30.15,44.295
2021221,31.16,44.295
2021222,31.33,44.295
2021223,31.84,44.295
2021224,31.26,44.295
2021225,31.28,44.295
2021226,31.31,44.295
2021227,31.61,44.295
2021228,33.36,44.295
2021229,32.71,44.295
2021230,32.21,44.295
2021231,31.55,44.295
2021232,30.82,44.295
2021233,31.25,44.295
2021234,30.96,44.295
2021235,30.91,44.295
2021236,30.41,44.295
2021237,29.74,44.295
2021238,29.94,44.295
2021239,30.45,44.295
2021240,30.3,44.295
2021241,30.15,44.295
2021242,30.05,44.295
2021243,29.42,44.295
2021244,29.46,44.295
2021245,28.33,44.295
2021246,28.73,44.295
2021247,28.99,44.295
2021248,29.16,44.295
2021249,31.01,44.295
2021250,31.28,44.295
2021251,30.94,44.295
2021252,31.33,44.295
2021253,31.26,44.295
2021254,32.07,44.295
2021255,32.64,44.295
2021256,32.74,44.295
2021257,31.95,44.295
2021258,32.53,44.295
2021259,32.8,44.295
2021260,33.05,44.295
2021261,31.68,44.295
2021262,31.49,44.295
2021263,31.17,44.295
2021264,31.04,44.295
2021265,30.63,44.295
2021266,30.32,44.295
2021267,30.24,44.295
2021268,30.54,44.295
2021269,30.23,44.295
2021270,29.77,44.295
2021271,30.16,44.295
2021272,30.07,44.295
2021273,30.36,44.295
2021274,30.81,44.295
2021275,31.04,44.295
2021276,31.32,44.295
2021277,31.46,44.295
2021278,32.63,44.295
2021279,33.55,44.295
2021280,34.25,44.295
2021281,34.09,44.295
2021282,34.44,44.295
2021283,34.09,44.295
2021284,33.47,44.295
2021285,34.16,44.295
2021286,33.31,44.295
2021287,33.35,44.295
2021288,33.84,44.295
2021289,33.37,44.295
2021290,32.99,44.295
2021291,31.85,44.295
2021292,30.93,44.295
2021293,30.23,44.295
2021294,30.5,44.295
2021295,30.09,44.295
2021296,31.24,44.295
2021297,32.77,44.295
2021298,33.13,44.295
2021299,33.34,44.295
2021300,34.3,44.295
2021301,28.33,44.295
2021302,26.54,44.295
2021303,27.58,44.295
2021304,28.41,44.295
2021305,28.59,44.295
2021306,28.7,44.295
2021307,28.2,44.295
2021308,28.13,44.295
2021309,27.58,44.295
2021310,27.68,44.295
2021311,28.63,44.295
2021312,28.95,44.295
2021313,30.44,44.295
2021314,29.84,44.295
2021315,30.84,44.295
2021316,30.76,44.295
2021317,30.53,44.295
2021318,30.47,44.295
2021319,30.76,44.295
2021320,30.93,44.295
2021321,31.21,44.295
2021322,31.05,44.295
2021323,30.84,44.295
2021324,31.28,44.295
2021325,30.81,44.295
2021326,31.89,44.295
2021327,31.42,44.295
2021328,30.06,44.295
2021329,30.22,44.295
2021330,30.6,44.295
2021331,31.53,44.295
2021332,31.92,44.295
2021333,32.22,44.295
2021334,32.09,44.295
2021335,32.36,44.295
2021336,32.12,44.295
2021337,32.08,44.295
2021338,31.65,44.295
2021339,31.21,44.295
2021340,31.19,44.295
2021341,30.62,44.295
2021342,30.93,44.295
2021343,31.57,44.295
2021344,32.11,44.295
2021345,31.95,44.295
2021346,32.23,44.295
2021347,31.99,44.295
2021348,32.61,44.295
2021349,32.79,44.295
2021350,33.67,44.295
2021351,34.38,44.295
2021352,34.07,44.295
2021353,33.59,44.295
2021354,33.78,44.295
2021355,34.39,44.295
2021356,34.46,44.295
2021357,33.7,44.295
2021358,33.09,44.295
2021359,33.04,44.295
2021360,32.85,44.295
2021361,32.1,44.295
2021362,32.31,44.295
2021363,32.32,44.295
2021364,33.25,44.295
2021365,34.01,44.295
2021366,33.76,44.295
2021367,32.66,44.295
2021368,32.49,44.295
2021369,32.8,44.295
2021370,32.65,44.295
2021371,32.91,44.295
2021372,32.8,44.295
2021373,33.1,44.295
2021374,34.23,44.295
2021375,34.91,44.295
2021376,35.46,44.295
2021377,35.3,44.295
2021378,34.91,44.295
2021379,34.75,44.295
2021380,33.75,44.295
2021381,34.65,44.295
2021382,34.87,44.295
2021383,35.46,44.295
2021384,35.95,44.295
2021385,36.71,44.295
2021386,37.13,44.295
2021387,37.89,44.295
2021388,37.98,44.295
2021389,38.04,44.295
2021390,38.47,44.295
2021391,38.81,44.295
2021392,37.99,44.295
2021393,37.92,44.295
2021394,36.5,44.295
2021395,37.04,44.295
2021396,36.41,44.295
2021397,37.77,44.295
2021398,38.2,44.295
2021399,39.4,44.295
2021400,39.84,44.295
2021401,39.37,44.295
2021402,40.02,44.295
2021403,39.9,44.295
2021404,38.96,44.295
2021405,39.26,44.295
2021406,39.11,44.295
2021407,39.19,44.295
2021408,40.1,44.295
2021409,40.01,44.295
2021410,39.76,44.295
2021411,39.5,44.295
2021412,38.47,44.295
2021413,39.11,44.295
2021414,39.39,44.295
2021415,40.19,44.295
2021416,39.25,44.295
2021417,39.76,44.295
2021418,41.81,44.295
2021419,42.75,44.295
2021420,43.58,44.295
2021421,43.14,44.295
2021422,42.57,44.295
2021423,42.95,44.295
2021424,42.13,44.295
2021425,44.36,44.295
2021426,43.83,44.295
2021427,43.5,44.295
2021428,44.2,44.295
2021429,44.01,44.295
2021430,44.28,44.295
2021431,43.98,44.295
2021432,43.63,44.295
2021433,43.61,44.295
2021434,43.03,44.295
2021435,43.54,44.295
2021436,43.39,44.295
2021437,44.52,44.295
2021438,45.16,44.295
2021439,44.74,44.295
2021440,44.93,44.295
2021441,44,44.295
2021442,43.75,44.295
2021443,43.59,44.295
2021444,43.54,44.295
2021445,44.7,44.295
2021446,44.01,44.295
2021447,43.54,44.295
2021448,42.92,44.295
2021449,42.97,44.295
2021450,43.19,44.295
2021451,42.55,44.295
2021452,43.07,44.295
2021453,44.86,44.295
2021454,44.32,44.295
2021455,44.18,44.295
2021456,43.34,44.295
2021457,42.55,44.295
2021458,43.6,44.295
2021459,43.33,44.295
2021460,43.96,44.295
2021461,43.15,44.295
2021462,41.09,44.295
2021463,40.31,44.295
2021464,40.76,44.295
2021465,40.05,44.295
2021466,40.52,44.295
2021467,40.83,44.295
2021468,41.34,44.295
2021469,41,44.295
2021470,40.09,44.295
2021471,40,44.295
2021472,40.12,44.295
2021473,40.12,44.295
2021474,39.99,44.295
2021475,39.32,44.295
2021476,39.36,44.295
2021477,39.64,44.295
2021478,41.41,44.295
2021479,41.47,44.295
2021480,42.65,44.295
2021481,42.21,44.295
2021482,42.31,44.295
2021483,42.67,44.295
2021484,43.71,44.295
2021485,44.48,44.295
2021486,43.99,44.295
2021487,43.03,44.295
2021488,43.21,44.295
2021489,43.64,44.295
2021490,43.34,44.295
2021491,42.89,44.295
2021492,43.33,44.295
2021493,43.35,44.295
2021494,43.93,44.295
2021495,43.47,44.295
2021496,43.4,44.295
2021497,44.52,44.295
2021498,44.61,44.295
2021499,44.44,44.295
2021500,44.89,44.295
2021501,44.02,44.295
2021502,43.65,44.295
2021503,43.21,44.295
2021504,43.68,44.295
2021505,43.79,44.295
2021506,43.14,44.295
2021507,42.7,44.295
2021508,42.5,44.295
2021509,41.92,44.295
2021510,41.22,44.295
2021511,41.95,44.295
2021512,43.61,44.295
2021513,44.58,44.295
2021514,47.93,44.295
2021515,48.14,44.295
2021516,47.31,44.295
2021517,46.73,44.295
2021518,46.58,44.295
2021519,47.29,44.295
2021520,47.56,44.295
2021521,47.72,44.295
2021522,48.81,44.295
2021523,48.06,44.295
2021524,47.93,44.295
2021525,48.02,44.295
2021526,47.75,44.295
2021527,47.86,44.295
2021528,48.23,44.295
2021529,48.33,44.295
2021530,46.82,44.295
2021531,46.28,44.295
2021532,47.22,44.295
2021533,47.07,44.295
2021534,47.59,44.295
2021535,48.06,44.295
2021536,47.86,44.295
2021537,47.74,44.295
2021538,47.71,44.295
2021539,47.67,44.295
2021540,47.09,44.295
2021541,47.21,44.295
2021542,47.52,44.295
2021543,47.3,44.295
2021544,46.81,44.295
2021545,47.58,44.295
2021546,47.76,44.295
2021547,48.35,44.295
2021548,47.51,44.295
2021549,47.48,44.295
2021550,46.77,44.295
2021551,46.36,44.295
2021552,46.51,44.295
2021553,47.27,44.295
2021554,46.88,44.295
2021555,46.58,44.295
2021556,46.42,44.295
2021557,46.1,44.295
2021558,46.17,44.295
2021559,46.96,44.295
2021560,48.22,44.295
2021561,47.95,44.295
2021562,47.27,44.295
2021563,48.68,44.295
2021564,48.48,44.295
2021565,48.32,44.295
2021566,48.97,44.295
2021567,49.11,44.295
2021568,49.14,44.295
2021569,48.91,44.295
2021570,49.46,44.295
2021571,50.16,44.295
2021572,49.69,44.295
2021573,49.36,44.295
2021574,48.54,44.295
2021575,48.6,44.295
2021576,48.19,44.295
2021577,47.7,44.295
2021578,48.14,44.295
2021579,48.85,44.295
2021580,49.39,44.295
2021581,49.47,44.295
2021582,49.54,44.295
2021583,49.15,44.295
2021584,50.06,44.295
2021585,49.89,44.295
2021586,50.38,44.295
2021587,51.06,44.295
2021588,51.38,44.295
2021589,51.64,44.295
2021590,50.42,44.295
2021591,49.99,44.295
2021592,49.24,44.295
2021593,49.99,44.295
2021594,50.36,44.295
2021595,50.4,44.295
2021596,49.62,44.295
2021597,49.46,44.295
2021598,48.48,44.295
2021599,48.81,44.295
2021600,48.1,44.295
2021601,48.26,44.295
2021602,48.14,44.295
2021603,47.93,44.295
2021604,47.39,44.295
2021605,47.34,44.295
2021606,47.9,44.295
2021607,48.23,44.295
2021608,47.88,44.295
2021609,46.98,44.295
2021610,46.91,44.295
2021611,46.86,44.295
2021612,47.21,44.295
2021613,48.2,44.295
2021614,49.35,44.295
2021615,49.77,44.295
2021616,49.87,44.295
2021617,49.46,44.295
2021618,49.63,44.295
2021619,49.6,44.295
2021620,49.51,44.295
2021621,50.01,44.295
2021622,50.44,44.295
2021623,49.72,44.295
2021624,49.58,44.295
2021625,50.56,44.295
2021626,50.72,44.295
2021627,51.16,44.295
2021628,51.31,44.295
2021629,51.35,44.295
2021630,50.44,44.295
2021631,51.37,44.295
2021632,51.27,44.295
2021633,50.94,44.295
2021634,50.52,44.295
2021635,50.5,44.295
2021636,49.93,44.295
2021637,49.51,44.295
2021638,49.62,44.295
2021639,49.68,44.295
2021640,50.54,44.295
2021641,50.46,44.295
2021642,51.01,44.295
2021643,50.89,44.295
2021644,51.03,44.295
2021645,50.58,44.295
2021646,51.21,44.295
2021647,51.34,44.295
2021648,51.63,44.295
2021649,50.25,44.295
2021650,49.43,44.295
2021651,49.6,44.295
2021652,49.29,44.295
2021653,48.69,44.295
2021654,48.53,44.295
2021655,48.59,44.295
2021656,48.44,44.295
2021657,48.54,44.295
2021658,48.14,44.295
2021659,47.56,44.295
2021660,47.84,44.295
2021661,47.81,44.295
2021662,47.33,44.295
2021663,47.11,44.295
2021664,47.06,44.295
2021665,47.18,44.295
2021666,47.2,44.295
2021667,47.7,44.295
2021668,47.34,44.295
2021669,47.55,44.295
2021670,48.19,44.295
2021671,47.66,44.295
2021672,47.11,44.295
2021673,48.02,44.295
2021674,47.6,44.295
2021675,47.12,44.295
2021676,47.33,44.295
2021677,48.75,44.295
2021678,48.32,44.295
2021679,48.59,44.295
2021680,48.24,44.295
2021681,47.59,44.295
2021682,47.16,44.295
2021683,47.49,44.295
2021684,47.27,44.295
2021685,47.09,44.295
2021686,47.44,44.295
2021687,47.18,44.295
2021688,47.01,44.295
2021689,46.92,44.295
2021690,46.66,44.295
2021691,46.54,44.295
2021692,46.95,44.295
2021693,47.8,44.295
2021694,47.89,44.295
2021695,48.35,44.295
2021696,49.04,44.295
2021697,49.79,44.295
2021698,50.22,44.295
2021699,50.56,44.295
2021700,50.62,44.295
2021701,50.23,44.295
2021702,49.75,44.295
2021703,49.94,44.295
2021704,50.18,44.295
2021705,50.63,44.295
2021706,50.65,44.295
2021707,50.35,44.295
2021708,50.97,44.295
2021709,51.18,44.295
2021710,51.23,44.295
2021711,50.39,44.295
2021712,49.92,44.295
2021713,49.94,44.295
2021714,49.47,44.295
2021715,49,44.295
2021716,47.41,44.295
2021717,48.38,44.295
2021718,48.29,44.295
2021719,47.37,44.295
2021720,47.5,44.295
2021721,47.22,44.295
2021722,47.66,44.295
2021723,47.9,44.295
2021724,48.46,44.295
2021725,48.43,44.295
2021726,48.78,44.295
2021727,48.68,44.295
2021728,48.79,44.295
2021729,48.64,44.295
2021730,48.62,44.295
2021731,49.11,44.295
2021732,49,44.295
2021733,48.5,44.295
2021734,47.13,44.295
2021735,46.52,44.295
2021736,46.8,44.295
2021737,46.84,44.295
2021738,47.18,44.295
2021739,47.17,44.295
2021740,47.13,44.295
2021741,46.91,44.295
2021742,46.19,44.295
2021743,46.33,44.295
2021744,46.81,44.295
2021745,46.27,44.295
2021746,46.17,44.295
2021747,45.89,44.295
2021748,45.05,44.295
2021749,44.4,44.295
2021750,44.13,44.295
2021751,44.62,44.295
2021752,44.99,44.295
2021753,45.1,44.295
2021754,44.74,44.295
2021755,44.55,44.295
2021756,45.8,44.295
2021757,45.4,44.295
2021758,45.62,44.295
2021759,45.95,44.295
2021760,45.66,44.295
2021761,45.89,44.295
2021762,46.06,44.295
2021763,46.13,44.295
2021764,46.42,44.295
2021765,46.65,44.295
2021766,46.91,44.295
2021767,47.38,44.295
2021768,47.9,44.295
2021769,47.97,44.295
2021770,47.6,44.295
2021771,47.4,44.295
2021772,47.65,44.295
2021773,47.96,44.295
2021774,48.23,44.295
2021775,47.52,44.295
2021776,46.97,44.295
2021777,46.75,44.295
2021778,46.44,44.295
2021779,46.96,44.295
2021780,47.03,44.295
2021781,47.05,44.295
2021782,47.13,44.295
2021783,47.36,44.295
2021784,46.67,44.295
2021785,46.61,44.295
2021786,46.16,44.295
2021787,46.19,44.295
2021788,47,44.295
2021789,46.31,44.295
2021790,45.9,44.295
2021791,45.38,44.295
2021792,44.89,44.295
2021793,42.89,44.295
2021794,42.92,44.295
2021795,41.99,44.295
2021796,42.64,44.295
2021797,42.8,44.295
2021798,42.03,44.295
2021799,42.49,44.295
2021800,42.82,44.295
2021801,42.49,44.295
2021802,43.27,44.295
2021803,43.25,44.295
2021804,43.13,44.295
2021805,43.4,44.295
2021806,42.84,44.295
2021807,42.69,44.295
2021808,42.53,44.295
2021809,42.49,44.295
2021810,42.1,44.295
2021811,42.67,44.295
2021812,41.84,44.295
2021813,41.73,44.295
2021814,41.82,44.295
2021815,41.71,44.295
2021816,42.09,44.295
2021817,41.89,44.295
2021818,42.09,44.295
2021819,42.11,44.295
2021820,42.84,44.295
2021821,42.62,44.295
2021822,42.66,44.295
2021823,42.26,44.295
2021824,41.61,44.295
2021825,41.46,44.295
2021826,41.45,44.295
2021827,41.57,44.295
2021828,41.26,44.295
2021829,41.2,44.295
2021830,41.01,44.295
2021831,40.91,44.295
2021832,41.24,44.295
2021833,42.36,44.295
2021834,42.07,44.295
2021835,42.6,44.295
2021836,43.36,44.295
2021837,43.6,44.295
2021838,44.05,44.295
2021839,43.85,44.295
2021840,43.22,44.295
2021841,43.06,44.295
2021842,42.75,44.295
2021843,43.16,44.295
2021844,43.05,44.295
2021845,42.87,44.295
2021846,41.59,44.295
2021847,41.16,44.295
2021848,41.04,44.295
2021849,40.67,44.295
2021850,40.67,44.295
2021851,40.35,44.295
2021852,40.5,44.295
2021853,40.97,44.295
2021854,41.2,44.295
2021855,41.15,44.295
2021856,41.12,44.295
2021857,41.51,44.295
2021858,41.14,44.295
2021859,41.15,44.295
2021860,40.59,44.295
2021861,40.05,44.295
2021862,40.09,44.295
2021863,40.26,44.295
2021864,40.44,44.295
2021865,40.35,44.295
2021866,39.92,44.295
2021867,40.05,44.295
2021868,40.06,44.295
2021869,40.04,44.295
2021870,40.59,44.295
2021871,40.78,44.295
2021872,41.01,44.295
2021873,41.06,44.295
2021874,41.91,44.295
2021875,42.98,44.295
2021876,43.15,44.295
2021877,43.19,44.295
2021878,43.27,44.295
2021879,43.23,44.295
2021880,43.1,44.295
2021881,41.71,44.295
2021882,41.14,44.295
2021883,41.13,44.295
2021884,41.26,44.295
2021885,41.39,44.295
2021886,41.03,44.295
2021887,40.48,44.295
2021888,40.54,44.295
2021889,40.73,44.295
2021890,39.72,44.295
2021891,39.5,44.295
2021892,39.17,44.295
2021893,39.34,44.295
2021894,39.25,44.295
2021895,38.95,44.295
2021896,38.56,44.295
2021897,38.22,44.295
2021898,37.63,44.295
2021899,36.76,44.295
2021900,37.31,44.295
2021901,37.1,44.295
2021902,37.57,44.295
2021903,36.51,44.295
2021904,36.5,44.295
2021905,36.6,44.295
2021906,36.88,44.295
2021907,36.77,44.295
2021908,36.74,44.295
2021909,36.99,44.295
2021910,37.03,44.295
2021911,36.69,44.295
2021912,36.08,44.295
2021913,36.58,44.295
2021914,36.44,44.295
2021915,36,44.295
2021916,35.76,44.295
2021917,35.83,44.295
2021918,35.06,44.295
2021919,35.44,44.295
2021920,35.04,44.295
2021921,35.1,44.295
2021922,35.88,44.295
2021923,35.68,44.295
2021924,35.41,44.295
2021925,35.43,44.295
2021926,35.11,44.295
2021927,35.49,44.295
2021928,34.71,44.295
2021929,34.36,44.295
2021930,33.06,44.295
2021931,32.91,44.295
2021932,31.97,44.295
2021933,32.19,44.295
2021934,33.16,44.295
2021935,33.39,44.295
2021936,32.91,44.295
2021937,32.11,44.295
2021938,32.09,44.295
2021939,32.35,44.295
2021940,31.18,44.295
2021941,31.26,44.295
2021942,30.69,44.295
2021943,30.5,44.295
2021944,31.16,44.295
2021945,31.24,44.295
2021946,30.93,44.295
2021947,30.75,44.295
2021948,32.24,44.295
2021949,32.19,44.295
2021950,32.35,44.295
2021951,32.27,44.295
2021952,32.61,44.295
2021953,32.74,44.295
2021954,32.93,44.295
2021955,32.99,44.295
2021956,34.09,44.295
2021957,32.78,44.295
2021958,33.61,44.295
2021959,33.47,44.295
2021960,32.85,44.295
2021961,32.9,44.295
2021962,32.74,44.295
2021963,34.02,44.295
2021964,33.59,44.295
2021965,33.54,44.295
2021966,33.49,44.295
2021967,32.42,44.295
2021968,32.35,44.295
2021969,31.74,44.295
2021970,32.55,44.295
2021971,33.13,44.295
2021972,32.28,44.295
2021973,31.53,44.295
2021974,32.05,44.295
2021975,32.44,44.295
2021976,32.75,44.295
2021977,31.98,44.295
2021978,33.32,44.295
2021979,33.57,44.295
2021980,33.42,44.295
2021981,33.68,44.295
2021982,32.91,44.295
2021983,33.18,44.295
2021984,33.92,44.295
2021985,34.15,44.295
2021986,34.98,44.295
2021987,35.65,44.295
2021988,35.53,44.295
2021989,35.56,44.295
2021990,35.22,44.295
2021991,35.36,44.295
2021992,34.17,44.295
2021993,33.51,44.295
2021994,34.29,44.295
2021995,34.06,44.295
2021996,34.47,44.295
2021997,34.69,44.295
2021998,35.04,44.295
2021999,35.69,44.295
2022000,35.7,44.295
2022001,34.97,44.295
2022002,34.06,44.295
2022003,32.94,44.295
2022004,32.86,44.295
2022005,32.78,44.295
2022006,33.49,44.295
2022007,33.22,44.295
2022008,33.72,44.295
2022009,34.41,44.295
2022010,34.74,44.295
2022011,35.22,44.295
2022012,35.51,44.295
2022013,35.22,44.295
2022014,35.17,44.295
2022015,35.28,44.295
2022016,34.98,44.295
2022017,35.45,44.295
2022018,36.65,44.295
2022019,37.07,44.295
2022020,37.71,44.295
2022021,38.33,44.295
2022022,38.76,44.295
2022023,38.07,44.295
2022024,37.31,44.295
2022025,37.01,44.295
2022026,37.11,44.295
2022027,37.72,44.295
2022028,37.55,44.295
2022029,37.98,44.295
2022030,38.18,44.295
2022031,37.89,44.295
2022032,37.09,44.295
2022033,37.05,44.295
2022034,35.94,44.295
2022035,36,44.295
2022036,35.43,44.295
2022037,35.99,44.295
2022038,35.81,44.295
2022039,36.36,44.295
2022040,35.91,44.295
2022041,35.31,44.295
2022042,35.6,44.295
2022043,35.22,44.295
2022044,34.54,44.295
2022045,34.74,44.295
2022046,34.98,44.295
2022047,35.04,44.295
2022048,35.09,44.295
2022049,35.12,44.295
2022050,34.71,44.295
2022051,34.66,44.295
2022052,35.66,44.295
2022053,35.44,44.295
2022054,34.82,44.295
2022055,34.66,44.295
2022056,35.23,44.295
2022057,35.29,44.295
2022058,34.94,44.295
2022059,34.9,44.295
2022060,34.7,44.295
2022061,34.61,44.295
2022062,35.24,44.295
2022063,35.86,44.295
2022064,35.17,44.295
2022065,34.86,44.295
2022066,34.61,44.295
2022067,34.36,44.295
2022068,34.96,44.295
2022069,35.2,44.295
2022070,35.47,44.295
2022071,35.74,44.295
2022072,35.55,44.295
2022073,36.15,44.295
2022074,36.55,44.295
2022075,36.86,44.295
2022076,36.49,44.295
2022077,36.16,44.295
2022078,36.26,44.295
2022079,36.15,44.295
2022080,36.12,44.295
2022081,36.38,44.295
2022082,36.69,44.295
2022083,36.11,44.295
2022084,35.98,44.295
2022085,35.66,44.295
2022086,35.66,44.295
2022087,36.45,44.295
2022088,36.46,44.295
2022089,36.51,44.295
2022090,36.46,44.295
2022091,36.22,44.295
2022092,35.26,44.295
2022093,35.82,44.295
2022094,36.38,44.295
2022095,34.95,44.295
2022096,34.32,44.295
2022097,34.2,44.295
2022098,33.93,44.295
2022099,34.6,44.295
2022100,34.14,44.295
2022101,33.68,44.295
2022102,34.28,44.295
2022103,33.39,44.295
2022104,33.63,44.295
2022105,34.49,44.295
2022106,34.64,44.295
2022107,34.42,44.295
2022108,34.48,44.295
2022109,34.77,44.295
2022110,34.02,44.295
2022111,34.44,44.295
2022112,34.24,44.295
2022113,34.14,44.295
2022114,34.67,44.295
2022115,34.85,44.295
2022116,34.86,44.295
2022117,34.69,44.295
2022118,35.03,44.295
2022119,36.06,44.295
2022120,36.05,44.295
2022121,37.12,44.295
2022122,37.83,44.295
2022123,37.62,44.295
2022124,37.56,44.295
2022125,38.52,44.295
2022126,37.87,44.295
2022127,37.26,44.295
2022128,37.2,44.295
2022129,38,44.295
2022130,38.47,44.295
2022131,37.37,44.295
2022132,37.14,44.295
2022133,36.95,44.295
2022134,37.23,44.295
2022135,37.53,44.295
2022136,37.93,44.295
2022137,37.4,44.295
2022138,36.09,44.295
2022139,35.76,44.295
2022140,35.91,44.295
2022141,36.19,44.295
2022142,35.94,44.295
2022143,36.08,44.295
2022144,37.1,44.295
2022145,38.85,44.295
2022146,38.55,44.295
2022147,39.95,44.295
2022148,40.13,44.295
2022149,39.9,44.295
2022150,39.9,44.295
2022151,40.6,44.295
2022152,40.61,44.295
2022153,40.72,44.295
2022154,40.61,44.295
2022155,40.5,44.295
2022156,40.79,44.295
2022157,40.76,44.295
2022158,39.85,44.295
2022159,39.75,44.295
2022160,40.06,44.295
2022161,41.14,44.295
2022162,41.7,44.295
2022163,42.35,44.295
2022164,43.6,44.295
2022165,43.06,44.295
2022166,42.9,44.295
2022167,43.2,44.295
2022168,42.59,44.295
2022169,42.75,44.295
2022170,43,44.295
2022171,42.96,44.295
2022172,43.1,44.295
2022173,43.39,44.295
2022174,43.73,44.295
2022175,43.78,44.295
2022176,43.71,44.295
2022177,43.34,44.295
2022178,43.62,44.295
2022179,43.34,44.295
2022180,43.28,44.295
2022181,42.76,44.295
2022182,42.04,44.295
2022183,42.71,44.295
2022184,42.68,44.295
2022185,43.26,44.295
2022186,43.11,44.295
2022187,42.69,44.295
2022188,42.8,44.295
2022189,43.86,44.295
2022190,44.2,44.295
2022191,45.18,44.295
2022192,45.08,44.295
2022193,45.24,44.295
2022194,45.44,44.295
2022195,45.48,44.295
2022196,45.1,44.295
2022197,44.99,44.295
2022198,44.99,44.295
2022199,44.98,44.295
2022200,44.78,44.295
2022201,44.86,44.295
2022202,45.5,44.295
2022203,44.96,44.295
2022204,44.74,44.295
2022205,44.72,44.295
2022206,44.82,44.295
2022207,44.5,44.295
2022208,44.3,44.295
2022209,44.1,44.295
2022210,44.3,44.295
2022211,43.28,44.295
2022212,42.96,44.295
2022213,43.1,44.295
2022214,42.88,44.295
2022215,42.64,44.295
2022216,42.53,44.295
2022217,42.42,44.295
2022218,42.38,44.295
2022219,41.5,44.295
2022220,41.97,44.295
2022221,42.04,44.295
2022222,41.52,44.295
2022223,40.8,44.295
2022224,41.05,44.295
2022225,41.86,44.295
2022226,42.13,44.295
2022227,42.81,44.295
2022228,44.01,44.295
2022229,43.85,44.295
2022230,44.78,44.295
2022231,45.5,44.295
2022232,45.49,44.295
2022233,45.59,44.295
2022234,46.01,44.295
2022235,45.58,44.295
2022236,45.65,44.295
2022237,45.23,44.295
2022238,45.2,44.295
2022239,43.48,44.295
2022240,41.36,44.295
2022241,40.94,44.295
2022242,38.54,44.295
2022243,37.18,44.295
2022244,36.9,44.295
2022245,36.35,44.295
2022246,35.88,44.295
2022247,34.41,44.295
2022248,32.71,44.295
2022249,28.69,44.295
2022250,29.41,44.295
2022251,30.28,44.295
2022252,26.33,44.295
2022253,26.95,44.295
2022254,23.3,44.295
2022255,24.8,44.295
2022256,22.42,44.295
2022257,23.09,44.295
2022258,23.3,44.295
2022259,21.59,44.295
2022260,23.59,44.295
2022261,25.48,44.295
2022262,26.31,44.295
2022263,25.37,44.295
2022264,23.99,44.295
2022265,23.36,44.295
2022266,21.97,44.295
2022267,22.12,44.295
2022268,21.01,44.295
2022269,21.78,44.295
2022270,22.72,44.295
2022271,22.89,44.295
2022272,24.12,44.295
2022273,23.62,44.295
2022274,21.93,44.295
2022275,21.15,44.295
2022276,21.63,44.295
2022277,21.82,44.295
2022278,20.95,44.295
2022279,21.68,44.295
2022280,23.04,44.295
2022281,22.33,44.295
2022282,23.6,44.295
2022283,25.14,44.295
2022284,26.07,44.295
2022285,24.35,44.295
2022286,23.02,44.295
2022287,23.96,44.295
2022288,23.78,44.295
2022289,24.2,44.295
2022290,24.47,44.295
2022291,23.86,44.295
2022292,23.63,44.295
2022293,22.5,44.295
2022294,22.27,44.295
2022295,22.54,44.295
2022296,24.3,44.295
2022297,24.08,44.295
2022298,24.47,44.295
2022299,24.02,44.295
2022300,24.1,44.295
2022301,27.56,44.295
2022302,29.55,44.295
2022303,32.16,44.295
2022304,32.12,44.295
2022305,30.75,44.295
2022306,31.92,44.295
2022307,32.87,44.295
2022308,34.46,44.295
2022309,34.34,44.295
2022310,37.29,44.295
2022311,37.61,44.295
2022312,36.38,44.295
2022313,35.61,44.295
2022314,33.13,44.295
2022315,33.34,44.295
2022316,32.7,44.295
2022317,34.33,44.295
2022318,34.28,44.295
2022319,34.14,44.295
2022320,33.65,44.295
2022321,33.46,44.295
2022322,34.62,44.295
2022323,32.9,44.295
2022324,33.53,44.295
2022325,32.88,44.295
2022326,33.7,44.295
2022327,33.72,44.295
2022328,33.1,44.295
2022329,34.9,44.295
2022330,34.59,44.295
2022331,35.64,44.295
2022332,35.5,44.295
2022333,34.66,44.295
2022334,33.85,44.295
2022335,34.97,44.295
2022336,35.98,44.295
2022337,35.76,44.295
2022338,36.73,44.295
2022339,36.76,44.295
2022340,36.2,44.295
2022341,36.24,44.295
2022342,36.74,44.295
2022343,36.04,44.295
2022344,35.81,44.295
2022345,35.41,44.295
2022346,34.62,44.295
2022347,34.48,44.295
2022348,34.13,44.295
2022349,32.78,44.295
2022350,32.52,44.295
2022351,33.81,44.295
2022352,34.5,44.295
2022353,34.27,44.295
2022354,34.16,44.295
2022355,33.83,44.295
2022356,34.14,44.295
2022357,35.74,44.295
2022358,36.06,44.295
2022359,35.27,44.295
2022360,34.95,44.295
2022361,34.6,44.295
2022362,34.22,44.295
2022363,35.12,44.295
2022364,34.28,44.295
2022365,33.71,44.295
2022366,34.59,44.295
2022367,34.66,44.295
2022368,35.18,44.295
2022369,34.79,44.295
2022370,36.04,44.295
2022371,34.86,44.295
2022372,34.4,44.295
2022373,34.21,44.295
2022374,34.46,44.295
2022375,35.49,44.295
2022376,35.66,44.295
2022377,34.73,44.295
2022378,35.07,44.295
2022379,35.28,44.295
2022380,34.43,44.295
2022381,34.86,44.295
2022382,34.16,44.295
2022383,34.04,44.295
2022384,33.77,44.295
2022385,32.98,44.295
2022386,30.88,44.295
2022387,30.72,44.295
2022388,29.99,44.295
2022389,29.71,44.295
2022390,28.84,44.295
2022391,30.34,44.295
2022392,29.55,44.295
2022393,29.53,44.295
2022394,29.23,44.295
2022395,29.07,44.295
2022396,29.99,44.295
2022397,31.49,44.295
2022398,31.56,44.295
2022399,32.15,44.295
2022400,31.86,44.295
2022401,31.98,44.295
2022402,30.67,44.295
2022403,31.03,44.295
2022404,30.19,44.295
2022405,30.7,44.295
2022406,31.08,44.295
2022407,31.57,44.295
2022408,31.11,44.295
2022409,31.07,44.295
2022410,31.94,44.295
2022411,31.41,44.295
2022412,29.91,44.295
2022413,28.36,44.295
2022414,27.94,44.295
2022415,28.46,44.295
2022416,29.67,44.295
2022417,31.49,44.295
2022418,31.58,44.295
2022419,32.3,44.295
2022420,31.68,44.295
2022421,37.38,44.295
2022422,40.23,44.295
2022423,39.17,44.295
2022424,37.7,44.295
2022425,38.05,44.295
2022426,38.71,44.295
2022427,39.02,44.295
2022428,39.21,44.295
2022429,38.9,44.295
2022430,39.04,44.295
2022431,39.56,44.295
2022432,41.7,44.295
2022433,41.71,44.295
2022434,41.34,44.295
2022435,41.78,44.295
2022436,40.96,44.295
2022437,42.14,44.295
2022438,42.85,44.295
2022439,42.78,44.295
2022440,43.61,44.295
2022441,42.43,44.295
2022442,42.22,44.295
2022443,42.47,44.295
2022444,41.43,44.295
2022445,41.1,44.295
2022446,42.09,44.295
2022447,43.13,44.295
2022448,42.12,44.295
2022449,41.99,44.295
2022450,41.53,44.295
2022451,39.77,44.295
2022452,40.5,44.295
2022453,41.79,44.295
2022454,41.75,44.295
2022455,41.6,44.295
2022456,41.61,44.295
2022457,41.29,44.295
2022458,41.1,44.295
2022459,41,44.295
2022460,40.92,44.295
2022461,43.18,44.295
2022462,44.15,44.295
2022463,43.17,44.295
2022464,42.88,44.295
2022465,43.23,44.295
2022466,42.93,44.295
2022467,43.03,44.295
2022468,42.36,44.295
2022469,42.72,44.295
2022470,42.05,44.295
2022471,42.35,44.295
2022472,42.27,44.295
2022473,41.08,44.295
2022474,39.31,44.295
2022475,40.03,44.295
2022476,38.64,44.295
2022477,39.28,44.295
2022478,37.93,44.295
2022479,38.31,44.295
2022480,39.67,44.295
2022481,39.95,44.295
2022482,40.5,44.295
2022483,41.56,44.295
2022484,42.06,44.295
2022485,41.87,44.295
2022486,43.03,44.295
2022487,43.56,44.295
2022488,44.31,44.295
2022489,45.33,44.295
2022490,45.39,44.295
2022491,45.43,44.295
2022492,44.88,44.295
2022493,46.07,44.295
2022494,47,44.295
2022495,47.14,44.295
2022496,47.83,44.295
2022497,47.96,44.295
2022498,46.98,44.295
2022499,46.84,44.295
2022500,48.1,44.295
2022501,49.31,44.295
2022502,49.24,44.295
2022503,49.18,44.295
2022504,50.77,44.295
2022505,50.14,44.295
2022506,50.3,44.295
2022507,49.89,44.295
2022508,50.6,44.295
2022509,49.41,44.295
2022510,48.8,44.295
2022511,49.27,44.295
2022512,50.42,44.295
2022513,48.76,44.295
2022514,48.35,44.295
2022515,48.01,44.295
2022516,48.74,44.295
2022517,48.46,44.295
2022518,49.26,44.295
2022519,48.31,44.295
2022520,50.17,44.295
2022521,49.46,44.295
2022522,49.72,44.295
2022523,49.53,44.295
2022524,49.85,44.295
2022525,49.58,44.295
2022526,49.06,44.295
2022527,49.02,44.295
2022528,49.23,44.295
2022529,49.56,44.295
2022530,49.35,44.295
2022531,50.43,44.295
2022532,50.84,44.295
2022533,48.46,44.295
2022534,48.01,44.295
2022535,48.32,44.295
2022536,48.15,44.295
2022537,49.49,44.295
2022538,49.44,44.295
2022539,50.99,44.295
2022540,51.32,44.295
2022541,50.9,44.295
2022542,50.97,44.295
2022543,50.58,44.295
2022544,52.34,44.295
2022545,52.35,44.295
2022546,52.23,44.295
2022547,53.22,44.295
2022548,53.2,44.295
2022549,53.96,44.295
2022550,53.45,44.295
2022551,54.38,44.295
2022552,54.32,44.295
2022553,54.41,44.295
2022554,53.33,44.295
2022555,53.59,44.295
2022556,53.62,44.295
2022557,54.07,44.295
2022558,53.88,44.295
2022559,53.15,44.295
2022560,54.84,44.295
2022561,54.93,44.295
2022562,54.32,44.295
2022563,55.15,44.295
2022564,55.44,44.295
2022565,55.86,44.295
2022566,55.54,44.295
2022567,55.99,44.295
2022568,55.13,44.295
2022569,54.69,44.295
2022570,54.55,44.295
2022571,54.77,44.295
2022572,54.9,44.295
2022573,54.92,44.295
2022574,54.21,44.295
2022575,54.77,44.295
2022576,52.27,44.295
2022577,52.38,44.295
2022578,52.5,44.295
2022579,52.01,44.295
2022580,52.62,44.295
2022581,52.97,44.295
2022582,51.74,44.295
2022583,52.1,44.295
2022584,51.42,44.295
2022585,52.01,44.295
2022586,51.03,44.295
2022587,52.16,44.295
2022588,50.5,44.295
2022589,49.78,44.295
2022590,48.35,44.295
2022591,49.53,44.295
2022592,49.64,44.295
2022593,49.44,44.295
2022594,49.74,44.295
2022595,49.33,44.295
2022596,48.51,44.295
2022597,46.48,44.295
2022598,47.36,44.295
2022599,48.85,44.295
2022600,48.61,44.295
2022601,49.18,44.295
2022602,50.29,44.295
2022603,49.83,44.295
2022604,49.76,44.295
2022605,50.64,44.295
2022606,50.04,44.295
2022607,49.55,44.295
2022608,49.99,44.295
2022609,50.58,44.295
2022610,50.97,44.295
2022611,52.52,44.295
2022612,52.72,44.295
2022613,52.54,44.295
2022614,53.27,44.295
2022615,52.83,44.295
2022616,52.89,44.295
2022617,52.37,44.295
2022618,51.41,44.295
2022619,51.88,44.295
2022620,50.49,44.295
2022621,50.67,44.295
2022622,51.26,44.295
2022623,51.61,44.295
2022624,52.66,44.295
2022625,52.2,44.295
2022626,51.99,44.295
2022627,51.55,44.295
2022628,52.26,44.295
2022629,53.3,44.295
2022630,53.3,44.295
2022631,52.39,44.295
2022632,52.64,44.295
2022633,52.84,44.295
2022634,52.03,44.295
2022635,52.27,44.295
2022636,51.37,44.295
2022637,52.54,44.295
2022638,51.93,44.295
2022639,52.16,44.295
2022640,52.67,44.295
2022641,52.07,44.295
2022642,49.75,44.295
2022643,49.95,44.295
2022644,51.7,44.295
2022645,52.87,44.295
2022646,53.3,44.295
2022647,54.95,44.295
2022648,54.84,44.295
2022649,55.26,44.295
2022650,55.44,44.295
2022651,54.89,44.295
2022652,54.37,44.295
2022653,56.88,44.295
2022654,56.2,44.295
2022655,57.09,44.295
2022656,57,44.295
2022657,57.33,44.295
2022658,57.19,44.295
2022659,56.36,44.295
2022660,56.63,44.295
2022661,57.75,44.295
2022662,58.01,44.295
2022663,58.1,44.295
2022664,58.18,44.295
2022665,57.59,44.295
2022666,57.71,44.295
2022667,58.21,44.295
2022668,58.18,44.295
2022669,57.82,44.295
2022670,57.46,44.295
2022671,57.9,44.295
2022672,59.67,44.295
2022673,59.43,44.295
2022674,59.88,44.295
2022675,59.08,44.295
2022676,59.51,44.295
2022677,59.39,44.295
2022678,58.87,44.295
2022679,59.2,44.295
2022680,59.48,44.295
2022681,59.27,44.295
2022682,61.22,44.295
2022683,60.23,44.295
2022684,60.18,44.295
2022685,59.52,44.295
2022686,57.72,44.295
2022687,58.64,44.295
2022688,58.89,44.295
2022689,58.54,44.295
2022690,58.73,44.295
2022691,55.29,44.295
2022692,55.38,44.295
2022693,55.08,44.295
2022694,56.59,44.295
2022695,56.45,44.295
2022696,56.17,44.295
2022697,57.34,44.295
2022698,58.26,44.295
2022699,58.13,44.295
2022700,57.42,44.295
2022701,56.71,44.295
2022702,56,44.295
2022703,56.09,44.295
2022704,55.89,44.295
2022705,56.96,44.295
2022706,56.17,44.295
2022707,56.42,44.295
2022708,58.86,44.295
2022709,59.35,44.295
2022710,60,44.295
2022711,59.75,44.295
2022712,60.38,44.295
2022713,60.82,44.295
2022714,60.71,44.295
2022715,60.67,44.295
2022716,60.77,44.295
2022717,61.2,44.295
2022718,63.25,44.295
2022719,63.33,44.295
2022720,64.19,44.295
2022721,64.5,44.295
2022722,64,44.295
2022723,64.36,44.295
2022724,65.33,44.295
2022725,66.96,44.295
2022726,66.3,44.295
2022727,66.05,44.295
2022728,66.01,44.295
2022729,65.4,44.295
2022730,64.11,44.295
2022731,62.44,44.295
2022732,60.1,44.295
2022733,62.06,44.295
2022734,63.95,44.295
2022735,64.5,44.295
2022736,62.78,44.295
2022737,63,44.295
2022738,64.22,44.295
2022739,63.47,44.295
2022740,63.64,44.295
2022741,64.3,44.295
2022742,65.69,44.295
2022743,66,44.295
2022744,66.71,44.295
2022745,66.56,44.295
2022746,64.9,44.295
2022747,61.75,44.295
2022748,63.53,44.295
2022749,62.75,44.295
2022750,62.02,44.295
2022751,61.92,44.295
2022752,61.06,44.295
2022753,60.67,44.295
2022754,59.55,44.295
2022755,55.09,44.295
2022756,56.75,44.295
2022757,52.51,44.295
2022758,48.94,44.295
2022759,49.97,44.295
2022760,50.76,44.295
2022761,47.2,44.295
